{
  "id": "0c034a3e-a1d8-46c8-b9f6-6a22ca1d1ac1",
  "name": "meme",
  "isOverridable": true,
  "entries": [
    {
      "value": "166088",
      "synonyms": [
        "166088",
        "Y u no"
      ]
    },
    {
      "value": "17",
      "synonyms": [
        "17",
        "philosoraptor",
        "green dinosaur",
        "dinosaur"
      ]
    },
    {
      "value": "2454136",
      "synonyms": [
        "2454136",
        "doge",
        "dog"
      ]
    },
    {
      "value": "29",
      "synonyms": [
        "29",
        "penguin",
        "socially awkward",
        "socially awkward penguin"
      ]
    },
    {
      "value": "147426",
      "synonyms": [
        "147426",
        "hipster",
        "barista",
        "hipster barista"
      ]
    },
    {
      "value": "330772",
      "synonyms": [
        "330772",
        "chewbacca",
        "brad"
      ]
    }
  ],
  "isEnum": false,
  "automatedExpansion": false
}